ingredient,Protein,Total lipid (fat),Carbohydrate,Fiber,Calcium,Iron,Sodium,Vitamin A,Vitamin C,Cholesterol,Magnesium,Phosphorus,Potassium,Zinc,Copper,Selenium,Vitamin E,Vitamin D,Thiamin,Riboflavin,Niacin,Folate,Choline,Vitamin K,Manganese,Pantothenic acid,Biotin
rating,33.0,77.0,7.0,24.0,5.0,33.0,16.0,0.0,4.0,0.0,,,,,,,,,,,,,,,,,
almond,41.0,68.0,8.0,34.0,20.0,23.0,10.0,0.0,0.0,0.0,63.0,40.0,16.0,29.0,108.0,1.0,0.0,0.0,8.0,72.0,24.0,10.0,9.0,0.0,,,
anchovy,58.0,12.0,0.0,0.0,18.0,26.0,159.0,1.0,0.0,28.0,16.0,20.0,12.0,22.0,38.0,124.0,0.0,8.0,6.0,28.0,124.0,3.0,15.0,10.0,,,
apple,0.0,1.0,5.0,11.0,0.0,1.0,0.0,7.0,3.0,0.0,,,2.0,,,,,,,,,,,,,,
apple juice,0.0,0.0,5.0,,,,1.0,,,,,,2.0,,,,,,,,,,,,,,
apricot,0.0,0.0,5.0,,,,0.0,41.0,20.0,,,,2.0,,,,,,,,,,,,,,
artichoke,6.0,0.0,4.0,20.0,2.0,3.0,3.0,0.0,8.0,0.0,10.0,6.0,6.0,4.0,14.0,0.0,0.0,0.0,4.0,7.0,7.0,22.0,6.0,12.0,,,
arugula,6.0,1.0,1.0,5.0,12.0,8.0,1.0,13.0,16.0,0.0,,,8.0,,,,,0.0,,,,14.0,,90.0,0.0,,
asian pear,1.0,0.0,4.0,13.0,0.0,0.0,0.0,0.0,4.0,0.0,2.0,1.0,3.0,0.0,6.0,0.0,0.0,0.0,1.0,1.0,1.0,2.0,1.0,4.0,,,
asparagus,5.0,0.0,1.0,9.0,2.0,13.0,0.0,,,0.0,,,4.0,,,,,0.0,,,,,,,,,
avocado,4.0,56.0,3.0,0.0,3.0,2.0,38.0,1.0,0.0,13.0,2.0,2.0,1.0,2.0,1.0,3.0,0.0,0.0,2.0,4.0,1.0,1.0,1.0,81.0,,,
bacon,67.0,60.0,0.0,,,,78.0,,,33.0,,,,,,,,,,,,,,,,,
banana,25.0,8.0,15.0,22.0,10.0,6.0,26.0,0.0,17.0,0.0,,,,,,,,,,,,,,,,,
barley,4.0,4.0,10.0,13.0,1.0,7.0,9.0,3.0,0.0,1.0,5.0,4.0,2.0,7.0,11.0,15.0,0.0,0.0,7.0,5.0,12.0,4.0,2.0,2.0,,,
basil,0.0,0.0,0.0,,,,0.0,,,,,,,,,,,,,,,,,,,,
beef,40.0,8.0,0.0,0.0,0.0,24.0,9.0,0.0,0.0,18.0,,,,,,,,,,,,,,,,,
beef rib,43.0,9.0,0.0,0.0,1.0,10.0,2.0,1.0,0.0,19.0,5.0,15.0,7.0,36.0,5.0,5.0,0.0,35.0,2.0,7.0,27.0,,,,0.0,6.0,
beef shank,44.0,5.0,0.0,0.0,2.0,13.0,3.0,0.0,0.0,13.0,3.0,16.0,8.0,63.0,8.0,32.0,,,8.0,17.0,36.0,2.0,,,1.0,7.0,
beef tenderloin,41.0,10.0,0.0,0.0,0.0,13.0,3.0,0.0,0.0,17.0,,,,,,,,,,,,,,,,,
beet,2.0,0.0,6.0,3.0,1.0,2.0,6.0,0.0,3.0,0.0,4.0,1.0,2.0,2.0,13.0,2.0,0.0,0.0,1.0,4.0,2.0,7.0,3.0,0.0,,,
bell pepper,1.0,0.0,2.0,3.0,1.0,1.0,0.0,,111.0,,2.0,1.0,3.0,1.0,6.0,0.0,,,3.0,7.0,4.0,6.0,,,4.0,,0.0
berry,2.0,0.0,5.0,15.0,1.0,3.0,0.0,0.0,19.0,0.0,3.0,2.0,3.0,2.0,7.0,1.0,0.0,0.0,2.0,3.0,4.0,5.0,1.0,10.0,,,
blackberry,1.0,0.0,2.0,6.0,0.0,233.0,0.0,12.0,9.0,0.0,,,,,,,,,,,,,,,,,
blue cheese,43.0,23.0,1.0,13.0,41.0,0.0,59.0,119.0,0.0,18.0,,,,,,,,,,,,,,,,,
blueberry,0.0,0.0,24.0,,,,0.0,,,,,,,,,,,,,,,,,,,,
bok choy,2.0,0.0,1.0,4.0,5.0,2.0,1.0,,34.0,,3.0,2.0,5.0,2.0,3.0,,,,,,,17.0,,,9.0,,
broccoli,5.0,0.0,2.0,12.0,5.0,5.0,1.0,,,0.0,,,5.0,,,,,0.0,,,,,,,,,
broccoli rabe,5.0,0.0,2.0,9.0,6.0,7.0,2.0,,,0.0,,,7.0,,,,,0.0,,,,,,,,,
brussel sprout,7.0,0.0,3.0,14.0,3.0,8.0,1.0,4.0,94.0,0.0,5.0,6.0,8.0,4.0,8.0,3.0,0.0,0.0,12.0,7.0,5.0,15.0,3.0,148.0,,,
butter,0.0,101.0,0.0,,,,0.0,318.0,,71.0,,,,,,,,,,,,,,,,,
buttermilk,7.0,1.0,2.0,0.0,9.0,0.0,4.0,4.0,1.0,2.0,3.0,7.0,3.0,4.0,0.0,4.0,0.0,2.0,4.0,15.0,1.0,1.0,3.0,0.0,,,
butternut squash,2.0,0.0,4.0,9.0,4.0,5.0,0.0,1178.0,24.0,0.0,,,,,,,,,,,,,,,,,
cabbage,2.0,1.0,1.0,6.0,3.0,14.0,22.0,1.0,0.0,0.0,3.0,2.0,3.0,2.0,3.0,1.0,0.0,0.0,1.0,16.0,7.0,13.0,3.0,36.0,,,
capers,0.0,0.0,2.0,24.0,0.0,7.0,116.0,0.0,4.0,0.0,,,,,,,,,,,,,,,,,
caraway,0.0,0.0,0.0,,,,0.0,,,0.0,,,,,,,,,,,,,,,,,
cardamom,0.0,0.0,0.0,,,,0.0,,,,,,,,,,,,,,,,,,,,
carrot,2.0,0.0,4.0,10.0,3.0,1.0,3.0,85.0,5.0,0.0,3.0,3.0,5.0,2.0,6.0,0.0,0.0,0.0,4.0,8.0,7.0,10.0,1.0,9.0,,,
cashew,24.0,68.0,11.0,11.0,5.0,27.0,13.0,0.0,0.0,0.0,49.0,31.0,10.0,40.0,195.0,17.0,0.0,0.0,13.0,12.0,7.0,14.0,9.0,25.0,,,
cauliflower,5.0,0.0,2.0,9.0,2.0,3.0,1.0,,,0.0,,,4.0,,,,,0.0,,,,,,,,,
caviar,49.0,23.0,1.0,0.0,21.0,66.0,65.0,30.0,0.0,196.0,71.0,28.0,4.0,9.0,12.0,119.0,0.0,14.0,16.0,48.0,1.0,12.0,89.0,0.0,,,
celery,0.0,0.0,1.0,6.0,3.0,2.0,5.0,20.0,9.0,0.0,,,,,,,,,,,,,,,,,
cheese,42.0,32.0,1.0,0.0,0.0,0.0,26.0,20.0,0.0,18.0,,,,,,,,,,,,,,,,,
cherry,8.0,26.0,15.0,7.0,3.0,8.0,9.0,111.0,0.0,0.0,,,,,,,,,,,,,,,,,
chestnut,8.0,1.0,16.0,21.0,0.0,4.0,0.0,0.0,27.0,0.0,,,,,,,,,,,,,,,,,
chickpea,38.0,8.0,22.0,61.0,8.0,34.0,1.0,6.0,4.0,0.0,,,,,,,,,,,,,,,,,
chile,16.0,22.0,4.0,2.0,16.0,4.0,19.0,8.0,44.0,10.0,4.0,12.0,3.0,11.0,5.0,14.0,0.0,0.0,10.0,14.0,6.0,9.0,2.0,11.0,,,
chile pepper,21.0,7.0,25.0,102.0,3.0,34.0,4.0,2944.0,35.0,0.0,21.0,13.0,40.0,9.0,25.0,6.0,0.0,0.0,7.0,92.0,54.0,13.0,15.0,90.0,36.0,19.0,
chili,14.0,7.0,3.0,3.0,1.0,3.0,18.0,24.0,0.0,5.0,,,,,,,,,,,,,,,,,
chive,7.0,1.0,2.0,9.0,7.0,9.0,0.0,24.0,65.0,0.0,10.0,5.0,6.0,5.0,17.0,2.0,0.0,0.0,6.0,9.0,4.0,26.0,1.0,177.0,,,
chocolate,6.0,57.0,17.0,10.0,0.0,24.0,1.0,0.0,0.0,0.0,,,,,,,,,,,,,,,,,
cilantro,0.0,0.0,0.0,,,,0.0,,,,,,,,,,,,,,,,,,,,
cinnamon,0.0,0.0,0.0,,,,0.0,,,0.0,,,,,,,,,,,,,,,,,
citrus,0.0,0.0,4.0,0.0,1.0,0.0,0.0,0.0,28.0,0.0,0.0,0.0,0.0,0.0,0.0,0.0,0.0,0.0,0.0,0.0,0.0,0.0,0.0,0.0,0.0,0.0,
clam,24.0,10.0,4.0,4.0,3.0,7.0,20.0,7.0,18.0,8.0,5.0,12.0,4.0,7.0,8.0,38.0,0.0,1.0,13.0,8.0,14.0,6.0,8.0,7.0,,,
clove,12.0,17.0,24.0,121.0,49.0,66.0,12.0,1.0,0.0,0.0,62.0,8.0,22.0,21.0,41.0,13.0,0.0,0.0,13.0,17.0,10.0,6.0,7.0,118.0,2613.0,10.0,
coconut,7.0,46.0,17.0,13.0,0.0,11.0,11.0,0.0,0.0,0.0,,,,,,,,,,,,,,,,,
cod,25.0,4.0,2.0,2.0,3.0,5.0,18.0,13.0,4.0,11.0,,,,,,,,,,,,,,,,,
coffee,5.0,31.0,8.0,0.0,4.0,0.0,4.0,99.0,0.0,36.0,,,,,,,,,,,,,,,,,
collard greens,5.0,0.0,2.0,12.0,9.0,0.0,1.0,719.0,39.0,0.0,,,,,,,,,,,,,,,,,
corn,2.0,0.0,5.0,3.0,0.0,0.0,10.0,,,0.0,,,1.0,,,,,0.0,,,,,,,,,
cornmeal,15.0,3.0,28.0,26.0,0.0,14.0,0.0,,,0.0,,,7.0,,,,,0.0,,,,,,,,,
cottage cheese,23.0,6.0,1.0,0.0,9.0,0.0,16.0,19.0,0.0,7.0,,,0.0,,,,,0.0,,,,,,,,,
crab,36.0,1.0,0.0,0.0,7.0,3.0,17.0,0.0,4.0,32.0,9.0,19.0,6.0,35.0,90.0,78.0,0.0,0.0,2.0,7.0,17.0,13.0,15.0,0.0,,,
cranberry,0.0,0.0,5.0,,,1.0,1.0,,28.0,,,,,,,,,,,,,,,,,,
cream cheese,14.0,41.0,3.0,0.0,7.0,0.0,15.0,,,36.0,,,0.0,,,,,0.0,,,,,,,,,
cucumber,1.0,0.0,2.0,2.0,1.0,0.0,10.0,0.0,3.0,0.0,2.0,2.0,3.0,1.0,5.0,1.0,0.0,0.0,2.0,2.0,0.0,2.0,1.0,12.0,,,
cumin,36.0,29.0,16.0,38.0,72.0,369.0,7.0,7.0,9.0,0.0,87.0,40.0,38.0,44.0,96.0,9.0,0.0,0.0,52.0,25.0,29.0,2.0,4.0,5.0,145.0,,
currant,7.0,0.0,28.0,16.0,7.0,10.0,2.0,0.0,5.0,0.0,9.0,8.0,17.0,3.0,33.0,1.0,0.0,0.0,13.0,11.0,10.0,2.0,2.0,3.0,,,
curry,0.0,0.0,0.0,,,,0.0,,,,,,,,,,,,,,,,,,,,
dairy,7.0,4.0,2.0,0.0,8.0,0.0,2.0,14.0,1.0,5.0,,,,,,,,210.0,,,,,,,,,
date,5.0,0.0,27.0,29.0,3.0,6.0,0.0,0.0,0.0,0.0,10.0,5.0,14.0,3.0,23.0,5.0,0.0,0.0,4.0,5.0,8.0,5.0,1.0,2.0,,,
dill,1.0,1.0,1.0,4.0,4.0,1.0,35.0,0.0,2.0,,2.0,1.0,2.0,1.0,3.0,,1.0,,4.0,4.0,1.0,2.0,,0.0,2.0,4.0,
egg,13.0,37.0,21.0,11.0,10.0,0.0,8.0,0.0,0.0,11.0,,,,,,,,,,,,,,,,,
egg nog,7.0,9.0,5.0,0.0,10.0,1.0,4.0,,,17.0,,,3.0,,,,,0.0,,,,,,,,,
eggplant,10.0,19.0,3.0,14.0,3.0,9.0,9.0,1.0,8.0,0.0,20.0,13.0,6.0,12.0,44.0,18.0,0.0,0.0,19.0,9.0,10.0,10.0,2.0,20.0,,,
endive,2.0,0.0,1.0,11.0,4.0,5.0,1.0,12.0,7.0,0.0,4.0,2.0,7.0,7.0,11.0,0.0,3.0,0.0,7.0,6.0,2.0,36.0,3.0,192.0,18.0,18.0,
feta,0.0,37.0,4.0,,,,30.0,,,,,,,,,,,,,,,,,,,,
fig,0.0,0.0,24.0,0.0,1.0,0.0,0.0,,,0.0,,,2.0,,,,,0.0,,,,,,,,,
fish,22.0,21.0,8.0,5.0,1.0,5.0,17.0,0.0,0.0,9.0,6.0,15.0,4.0,4.0,7.0,29.0,0.0,0.0,10.0,9.0,10.0,6.0,8.0,4.0,8.0,5.0,
flat bread,44.0,1.0,0.0,0.0,0.0,28.0,7.0,0.0,0.0,24.0,7.0,18.0,5.0,27.0,23.0,57.0,1.0,,20.0,32.0,42.0,3.0,,,1.0,50.0,
fontina,51.0,40.0,1.0,0.0,42.0,1.0,35.0,29.0,0.0,39.0,3.0,28.0,1.0,32.0,3.0,26.0,0.0,3.0,2.0,16.0,1.0,2.0,3.0,2.0,,,
fruit,5.0,1.0,4.0,4.0,6.0,1.0,1.0,2.0,11.0,1.0,3.0,5.0,4.0,3.0,4.0,3.0,0.0,3.0,4.0,8.0,2.0,2.0,2.0,3.0,,,
fruit juice,0.0,0.0,5.0,1.0,0.0,2.0,0.0,5.0,1.0,0.0,,,2.0,,,,,,,,,,,,,,
garlic,0.0,0.0,12.0,,51.0,,0.0,,89.0,,,,,,,,,,,,,,,,,,
ginger,0.0,0.0,0.0,,,,0.0,,,0.0,,,,,,,,,,,,,,,,,
goat cheese,50.0,41.0,0.0,0.0,55.0,0.0,30.0,199.0,5.0,32.0,,,,,,,,,,,,,,,,,
gouda,50.0,41.0,0.0,0.0,55.0,0.0,40.0,119.0,0.0,36.0,,,,,,,,,,,,,,,,,
grape,0.0,0.0,5.0,,,,0.0,,23.0,,,,,,,,,,,,,,,,,,
grapefruit,0.0,0.0,4.0,,,,0.0,,,,,,,,,,,,,,,,,,,,
green bean,0.0,0.0,2.0,6.0,1.0,2.0,14.0,28.0,0.0,0.0,,,,,,,,,,,,,,,,,
green onion,4.0,0.0,3.0,9.0,6.0,8.0,1.0,6.0,21.0,0.0,5.0,3.0,6.0,4.0,9.0,1.0,0.0,0.0,5.0,6.0,3.0,16.0,1.0,172.0,,,
scallion,4.0,0.0,3.0,9.0,6.0,8.0,1.0,6.0,21.0,0.0,5.0,3.0,6.0,4.0,9.0,1.0,0.0,0.0,5.0,6.0,3.0,16.0,1.0,172.0,7.0,2.0,
ground beef,34.0,34.0,0.0,,1.0,9.0,3.0,,,28.0,,,,,,,,,,,,,,,,,
ground lamb,34.0,26.0,0.0,0.0,0.0,9.0,3.0,10.0,0.0,25.0,,,,,,,,,,,,,,,,,
guava,1.0,0.0,4.0,19.0,2.0,3.0,0.0,,,0.0,,,6.0,,,,,0.0,,,,,,,,,
hazelnut,15.0,41.0,20.0,9.0,11.0,24.0,3.0,0.0,0.0,4.0,,,,,,,,,,,,,,,,,
honey,1.0,0.0,30.0,1.0,0.0,2.0,0.0,0.0,1.0,0.0,0.0,0.0,1.0,2.0,4.0,1.0,0.0,0.0,0.0,3.0,1.0,0.0,0.0,0.0,3.0,1.0,
honeydew,1.0,0.0,3.0,3.0,0.0,1.0,1.0,0.0,20.0,0.0,2.0,1.0,5.0,1.0,3.0,1.0,0.0,0.0,3.0,1.0,3.0,5.0,1.0,2.0,,,
horseradish,2.0,1.0,4.0,12.0,4.0,2.0,18.0,0.0,28.0,0.0,6.0,2.0,5.0,8.0,6.0,5.0,0.0,0.0,1.0,2.0,2.0,14.0,1.0,1.0,,,
hot pepper,43.0,32.0,3.0,0.0,41.0,0.0,50.0,119.0,0.0,36.0,,,,,,,,,,,,,,,,,
hummus,14.0,37.0,8.0,25.0,5.0,7.0,20.0,40.0,10.0,0.0,,,,,,,,,,,,,,,,,
jalapeño,34.0,33.0,1.0,6.0,4.0,2.0,34.0,,,23.0,,,2.0,,,,,35.0,,,,,,,,,
jam or jelly,0.0,0.0,24.0,4.0,1.0,2.0,1.0,0.0,6.0,0.0,1.0,1.0,1.0,1.0,4.0,2.0,0.0,0.0,1.0,3.0,0.0,1.0,2.0,0.0,,,
jerusalem artichoke,4.0,0.0,6.0,6.0,1.0,19.0,0.0,0.0,4.0,0.0,4.0,6.0,9.0,1.0,16.0,1.0,1.0,0.0,17.0,5.0,8.0,3.0,5.0,0.0,3.0,8.0,
kale,7.0,1.0,4.0,6.0,10.0,9.0,2.0,1722.0,136.0,0.0,8.0,4.0,10.0,,29.0,,,,0.0,9.0,7.0,7.0,,690.0,43.0,,
kumquat,4.0,1.0,6.0,23.0,5.0,5.0,0.0,2.0,49.0,0.0,5.0,2.0,4.0,2.0,11.0,0.0,0.0,0.0,3.0,7.0,3.0,4.0,2.0,0.0,,,
lamb,34.0,26.0,0.0,0.0,0.0,8.0,3.0,0.0,0.0,24.0,,,,,,,,,,,,,,,,,
lamb chop,55.0,21.0,0.0,0.0,2.0,10.0,17.0,0.0,0.0,32.0,6.0,17.0,7.0,34.0,15.0,54.0,0.0,0.0,9.0,20.0,43.0,5.0,18.0,4.0,,,
lamb shank,40.0,15.0,0.0,0.0,1.0,7.0,3.0,1.0,0.0,22.0,5.0,13.0,6.0,35.0,9.0,12.0,2.0,0.0,8.0,7.0,26.0,,,,0.0,9.0,
lentil,7.0,7.0,4.0,12.0,2.0,8.0,17.0,4.0,9.0,0.0,5.0,6.0,6.0,5.0,17.0,3.0,0.0,0.0,6.0,5.0,5.0,16.0,3.0,7.0,,,
lettuce,2.0,0.0,1.0,5.0,2.0,1.0,1.0,34.0,9.0,0.0,3.0,2.0,5.0,2.0,4.0,1.0,0.0,0.0,6.0,5.0,2.0,10.0,2.0,62.0,,,
lima bean,14.0,9.0,7.0,23.0,1.0,12.0,9.0,0.0,0.0,0.0,10.0,8.0,10.0,8.0,24.0,8.0,0.0,0.0,12.0,4.0,2.0,18.0,5.0,7.0,,,
lime,18.0,19.0,14.0,3.0,3.0,7.0,3.0,12.0,6.0,83.0,5.0,12.0,3.0,11.0,13.0,36.0,0.0,8.0,8.0,21.0,1.0,9.0,31.0,1.0,,,
lime juice,0.0,0.0,2.0,,0.0,0.0,0.0,,37.0,,,,2.0,,,,,0.0,,,,,,,,,
lingonberry,0.0,0.0,16.0,9.0,,,0.0,,,,,,,,,,,,,,,,,,,,
lobster,42.0,1.0,0.0,0.0,8.0,2.0,23.0,0.0,0.0,54.0,11.0,16.0,5.0,41.0,190.0,146.0,0.0,0.0,2.0,1.0,12.0,2.0,16.0,0.0,,,
macadamia nut,16.0,97.0,5.0,31.0,7.0,20.0,0.0,0.0,1.0,0.0,31.0,15.0,8.0,12.0,84.0,7.0,4.0,0.0,100.0,12.0,15.0,3.0,,,180.0,15.0,
mango,5.0,0.0,31.0,18.0,3.0,0.0,0.0,,,0.0,,,19.0,,,,,0.0,,,,,,,,,
maple syrup,0.0,0.0,32.0,,8.0,,0.0,,,,,,6.0,,,,,,,,,,,,,,
marinade,0.0,43.0,2.0,0.0,0.0,0.0,64.0,0.0,0.0,0.0,,,,,,,,,,,,,,,,,
marshmallow,6.0,0.0,28.0,0.0,0.0,0.0,0.0,,,0.0,,,0.0,,,,,0.0,,,,,,,,,
melon,1.0,0.0,3.0,2.0,1.0,1.0,1.0,10.0,14.0,0.0,3.0,1.0,4.0,2.0,6.0,2.0,0.0,0.0,3.0,2.0,3.0,3.0,1.0,2.0,,,
mint,0.0,0.0,38.0,,,,0.0,,,,,,,,,,,,,,,,,,,,
molasses,0.0,0.0,27.0,0.0,16.0,26.0,2.0,0.0,0.0,0.0,58.0,2.0,31.0,3.0,54.0,32.0,0.0,0.0,3.0,0.0,6.0,0.0,2.0,0.0,,,
monterey jack,47.0,38.0,0.0,0.0,51.0,0.0,27.0,111.0,0.0,33.0,,,,,,,,,,,,,,,,,
mozzarella,43.0,32.0,1.0,0.0,41.0,0.0,8.0,79.0,0.0,24.0,,,,,,,,,,,,,,,,,
mushroom,2.0,8.0,2.0,3.0,2.0,5.0,16.0,,,0.0,,,7.0,,,,,0.0,,,,,,,,,
mussel,30.0,4.0,2.0,0.0,3.0,28.0,16.0,6.0,9.0,12.0,10.0,20.0,9.0,18.0,13.0,103.0,0.0,0.0,14.0,19.0,12.0,10.0,15.0,0.0,,,
mustard,8.0,4.0,2.0,15.0,5.0,9.0,48.0,0.0,0.0,0.0,11.0,9.0,3.0,6.0,8.0,62.0,0.0,0.0,16.0,5.0,4.0,2.0,4.0,1.0,,,
mustard greens,7.0,0.0,2.0,12.0,8.0,7.0,1.0,680.0,52.0,0.0,,,8.0,,,,,0.0,,,,,,,,,
nut,35.0,50.0,13.0,15.0,3.0,33.0,0.0,,,,60.0,43.0,14.0,46.0,247.0,38.0,,,,,,,,,85.0,,
nutmeg,0.0,128.0,0.0,0.0,0.0,0.0,0.0,0.0,0.0,0.0,0.0,0.0,0.0,0.0,,0.0,1.0,,0.0,0.0,0.0,0.0,,,,0.0,
oat,1.0,3.0,2.0,2.0,12.0,1.0,2.0,0.0,0.0,0.0,2.0,2.0,0.0,2.0,3.0,3.0,0.0,8.0,2.0,1.0,0.0,0.0,0.0,1.0,,,
oatmeal,,9.0,24.0,32.0,26.0,133.0,0.0,618.0,74.0,0.0,,,0.0,,,,,,,,,,,,,,
octopus,26.0,17.0,5.0,2.0,4.0,27.0,23.0,4.0,3.0,14.0,7.0,13.0,6.0,13.0,40.0,68.0,0.0,0.0,14.0,8.0,16.0,12.0,10.0,10.0,,,
okra,6.0,0.0,3.0,4.0,6.0,3.0,0.0,39.0,13.0,0.0,,,,,,,,,,,,,,,,,
olive,1.0,39.0,2.0,6.0,5.0,19.0,36.0,2.0,0.0,0.0,1.0,0.0,0.0,1.0,18.0,1.0,0.0,0.0,1.0,0.0,1.0,0.0,2.0,5.0,,,
onion,22.0,1.0,22.0,8.0,1.0,20.0,19.0,9.0,0.0,0.0,,,,,,,,,83.0,26.0,29.0,,,,,,
orange,10.0,0.0,33.0,,,,17.0,,,,,,,,,,,,,,,,,,,,
orange juice,2.0,0.0,4.0,,11.0,,0.0,,28.0,,2.0,,4.0,,,,,210.0,0.0,,1.0,6.0,,,,,
oregano,0.0,0.0,0.0,,,,0.0,,,0.0,,,,,,,,,,,,,,,,,
orzo,25.0,2.0,29.0,13.0,0.0,18.0,0.0,0.0,0.0,0.0,,,,,,,,,83.0,23.0,34.0,,,,,,
oyster,10.0,14.0,7.0,4.0,7.0,13.0,22.0,11.0,2.0,3.0,4.0,5.0,3.0,91.0,80.0,23.0,0.0,2.0,12.0,9.0,11.0,12.0,4.0,27.0,,,
parmesan,57.0,36.0,5.0,0.0,66.0,3.0,78.0,29.0,0.0,29.0,8.0,50.0,4.0,38.0,4.0,63.0,0.0,105.0,2.0,28.0,0.0,2.0,3.0,1.0,3.0,9.0,
parsley,0.0,0.0,0.0,,,,0.0,,,0.0,,,,,,,,,,,,,,,,,
parsnip,3.0,4.0,6.0,12.0,3.0,3.0,6.0,1.0,14.0,1.0,7.0,5.0,8.0,2.0,15.0,3.0,0.0,0.0,7.0,4.0,4.0,14.0,5.0,3.0,,,
pea,28.0,18.0,23.0,14.0,9.0,21.0,13.0,9.0,0.0,0.0,24.0,22.0,16.0,30.0,49.0,13.0,0.0,0.0,51.0,24.0,32.0,34.0,11.0,42.0,,,
peach,9.0,28.0,19.0,8.0,2.0,9.0,15.0,25.0,6.0,22.0,,,,,,,,,0.0,12.0,11.0,9.0,,,,,
peanut,18.0,35.0,22.0,11.0,5.0,6.0,2.0,34.0,4.0,5.0,,,,,,,,,,,,,,,,,
peanut butter,44.0,66.0,8.0,18.0,4.0,10.0,19.0,0.0,0.0,0.0,40.0,27.0,12.0,23.0,47.0,7.0,0.0,0.0,12.0,15.0,82.0,22.0,11.0,0.0,,,
pear,1.0,0.0,6.0,11.0,1.0,1.0,0.0,0.0,5.0,0.0,2.0,1.0,2.0,1.0,9.0,0.0,0.0,0.0,1.0,2.0,1.0,2.0,1.0,4.0,,,
pecan,18.0,92.0,5.0,34.0,5.0,14.0,0.0,0.0,1.0,0.0,29.0,22.0,9.0,41.0,133.0,7.0,0.0,0.0,55.0,10.0,7.0,6.0,7.0,3.0,196.0,17.0,
pepper,0.0,0.0,24.0,119.0,34.0,161.0,0.0,21.0,23.0,0.0,,,,,,,,,,,,,,,,,
persimmon,3.0,1.0,35.0,34.0,2.0,2.0,0.0,12.0,4.0,0.0,6.0,4.0,9.0,3.0,34.0,3.0,0.0,0.0,5.0,4.0,1.0,3.0,4.0,6.0,,,
pine nut,27.0,88.0,5.0,13.0,1.0,31.0,0.0,0.0,1.0,0.0,60.0,46.0,13.0,59.0,147.0,1.0,0.0,0.0,30.0,17.0,27.0,8.0,10.0,45.0,,,
pineapple,0.0,0.0,29.0,15.0,3.0,4.0,1.0,0.0,0.0,0.0,,,,,,,,,,,,,,,,,
pistachio,40.0,60.0,10.0,36.0,10.0,27.0,17.0,37.0,4.0,0.0,48.0,40.0,,,148.0,,,,0.0,,,,,,,,
plantain,5.0,38.0,23.0,12.0,1.0,5.0,9.0,8.0,36.0,0.0,17.0,6.0,17.0,3.0,22.0,1.0,0.0,0.0,5.0,3.0,5.0,9.0,0.0,24.0,,,
plum,1.0,0.0,4.0,5.0,0.0,1.0,0.0,2.0,11.0,0.0,2.0,1.0,3.0,1.0,6.0,0.0,0.0,0.0,2.0,2.0,3.0,1.0,0.0,5.0,,,
pomegranate,0.0,0.0,4.0,0.0,1.0,,1.0,0.0,7.0,0.0,,,,,,,,,,,,,,,,,
pomegranate juice,0.0,0.0,4.0,0.0,3.0,0.0,0.0,,11.0,0.0,,,6.0,,,,,220.0,,,,,,,,,
poppy,2.0,43.0,9.0,1.0,5.0,1.0,41.0,6.0,0.0,5.0,2.0,4.0,1.0,2.0,4.0,2.0,0.0,0.0,2.0,4.0,0.0,1.0,1.0,42.0,,,
pork,42.0,5.0,0.0,0.0,0.0,7.0,9.0,0.0,0.0,25.0,,,,,,,,,,,,,,,,,
pork chop,37.0,12.0,3.0,4.0,1.0,4.0,18.0,3.0,0.0,15.0,5.0,14.0,6.0,12.0,8.0,74.0,0.0,2.0,37.0,13.0,36.0,14.0,10.0,3.0,,,
pork rib,32.0,19.0,4.0,1.0,3.0,5.0,29.0,1.0,0.0,19.0,4.0,10.0,5.0,20.0,11.0,41.0,0.0,4.0,27.0,19.0,34.0,0.0,10.0,0.0,,,
pork tenderloin,36.0,3.0,1.0,,,,13.0,,1.0,18.0,,,,,,,,,,,,,,,,,
potato,8.0,15.0,5.0,5.0,3.0,4.0,10.0,7.0,1.0,25.0,3.0,6.0,5.0,4.0,2.0,11.0,0.0,2.0,9.0,11.0,6.0,6.0,10.0,7.0,,,
prune,4.0,0.0,24.0,12.0,2.0,16.0,1.0,11.0,5.0,0.0,,6.0,18.0,,,,,,3.0,,16.0,,,,,9.0,
pumpkin,2.0,0.0,3.0,11.0,2.0,9.0,0.0,,,0.0,,,,,,,,0.0,,,,,,,,,
quail,50.0,18.0,0.0,0.0,1.0,24.0,9.0,8.0,3.0,29.0,5.0,22.0,5.0,28.0,66.0,39.0,0.0,1.0,18.0,23.0,49.0,2.0,12.0,4.0,,,
quince,1.0,0.0,6.0,7.0,1.0,4.0,0.0,4.0,17.0,0.0,2.0,1.0,4.0,0.0,14.0,1.0,,,2.0,2.0,1.0,1.0,,,,2.0,
quinoa,20.0,5.0,25.0,21.0,3.0,16.0,27.0,0.0,0.0,0.0,,,,,,,,,,,,,,,,,
rabbit,60.0,11.0,0.0,0.0,2.0,13.0,15.0,0.0,0.0,28.0,5.0,18.0,6.0,21.0,19.0,69.0,0.0,0.0,5.0,13.0,44.0,2.0,22.0,1.0,,,
radicchio,4.0,0.0,1.0,11.0,2.0,2.0,2.0,0.0,7.0,0.0,3.0,4.0,3.0,8.0,84.0,,,,,,,15.0,,142.0,0.0,,
radish,1.0,0.0,1.0,6.0,2.0,2.0,2.0,0.0,16.0,0.0,2.0,2.0,5.0,3.0,6.0,1.0,0.0,0.0,1.0,3.0,2.0,6.0,1.0,1.0,,,
raisin,20.0,5.0,19.0,0.0,3.0,17.0,15.0,0.0,7.0,0.0,,,,,,,,,0.0,22.0,21.0,,,,,,
raspberry,0.0,0.0,24.0,0.0,0.0,0.0,0.0,,,0.0,,,0.0,,,,,0.0,,,,,,,,,
rhubarb,2.0,0.0,6.0,6.0,6.0,1.0,0.0,0.0,6.0,0.0,3.0,1.0,5.0,1.0,2.0,2.0,0.0,0.0,1.0,2.0,2.0,1.0,1.0,22.0,,,
rice,7.0,3.0,10.0,5.0,2.0,10.0,20.0,8.0,3.0,0.0,,,,,,,,,,,,,,,,,
ricotta,19.0,12.0,2.0,0.0,19.0,2.0,4.0,13.0,0.0,13.0,4.0,14.0,4.0,9.0,2.0,20.0,0.0,1.0,3.0,20.0,1.0,2.0,3.0,0.0,,,
root vegetable,3.0,0.0,6.0,12.0,3.0,4.0,0.0,0.0,3.0,0.0,9.0,4.0,7.0,3.0,9.0,1.0,3.0,0.0,1.0,2.0,2.0,6.0,2.0,1.0,10.0,6.0,
rosemary,0.0,0.0,0.0,,,,0.0,,,0.0,,,,,,,,,,,,,,,,,
rutabaga,2.0,0.0,3.0,11.0,3.0,2.0,0.0,0.0,27.0,0.0,,,,,,,,,,,,,,,,,
rye,14.0,3.0,18.0,21.0,5.0,16.0,28.0,0.0,0.0,0.0,,,,,,,,,,,,,,,,,
saffron,0.0,0.0,0.0,,,,0.0,,,0.0,,,,,,,,,,,,,,,,,
sage,0.0,0.0,0.0,,,,0.0,,,0.0,,,,,,,,,,,,,,,,,
salmon,30.0,10.0,1.0,2.0,1.0,3.0,14.0,15.0,1.0,15.0,,,,,,,,,,,,,,,,,
salsa,0.0,5.0,3.0,0.0,0.0,7.0,36.0,119.0,24.0,0.0,,,,,,,,,,,,,,,,,
sardine,36.0,10.0,8.0,4.0,24.0,17.0,16.0,2.0,0.0,26.0,8.0,26.0,6.0,10.0,18.0,72.0,0.0,14.0,23.0,18.0,31.0,20.0,9.0,1.0,,,
sausage,21.0,22.0,4.0,5.0,2.0,20.0,87.0,15.0,2.0,13.0,,,,,,,,,,,,,,,,,
scallop,22.0,16.0,5.0,2.0,1.0,7.0,20.0,0.0,0.0,8.0,5.0,22.0,4.0,8.0,5.0,23.0,0.0,0.0,12.0,6.0,10.0,12.0,10.0,10.0,,,
seed,11.0,3.0,12.0,17.0,5.0,3.0,1.0,26.0,7.0,0.0,12.0,10.0,19.0,8.0,119.0,,,0.0,24.0,13.0,33.0,12.0,,,6.0,16.0,
sesame,6.0,58.0,3.0,4.0,1.0,3.0,43.0,0.0,0.0,0.0,0.0,3.0,3.0,1.0,0.0,3.0,0.0,0.0,0.0,0.0,0.0,0.0,1.0,47.0,,,
sesame oil,0.0,128.0,0.0,0.0,0.0,0.0,0.0,0.0,0.0,0.0,0.0,0.0,0.0,0.0,0.0,0.0,0.0,0.0,0.0,0.0,0.0,0.0,0.0,11.0,,,
shallot,5.0,0.0,6.0,11.0,3.0,7.0,1.0,0.0,9.0,0.0,5.0,5.0,7.0,4.0,10.0,2.0,0.0,0.0,5.0,2.0,1.0,8.0,2.0,1.0,13.0,6.0,
shellfish,31.0,9.0,2.0,1.0,5.0,3.0,15.0,7.0,0.0,47.0,6.0,22.0,3.0,10.0,23.0,61.0,0.0,0.0,6.0,3.0,14.0,7.0,16.0,5.0,,,
shrimp,24.0,0.0,0.0,0.0,5.0,2.0,21.0,0.0,0.0,37.0,,,,,,,,,,,,,,,,,
snapper,41.0,2.0,0.0,0.0,2.0,0.0,3.0,,,13.0,,,9.0,,,,,2000.0,,,,,,,,,
sorbet,2.0,0.0,10.0,2.0,0.0,1.0,1.0,0.0,6.0,0.0,0.0,0.0,1.0,0.0,1.0,0.0,0.0,0.0,0.0,1.0,1.0,1.0,1.0,0.0,,,
sour cream,7.0,21.0,2.0,0.0,10.0,0.0,2.0,74.0,0.0,22.0,,,4.0,,,,,,,,,,,,,,
sourdough,21.0,4.0,26.0,11.0,2.0,6.0,35.0,0.0,6.0,0.0,,,,,,,,,,,,,,,,,
soy,53.0,9.0,19.0,12.0,13.0,29.0,37.0,0.0,0.0,0.0,40.0,1.0,0.0,14.0,273.0,22.0,0.0,0.0,28.0,27.0,19.0,60.0,20.0,10.0,,,
soy sauce,16.0,1.0,2.0,3.0,3.0,8.0,239.0,0.0,0.0,0.0,18.0,13.0,9.0,8.0,5.0,1.0,0.0,0.0,3.0,13.0,14.0,4.0,3.0,0.0,,,
spinach,7.0,0.0,1.0,9.0,7.0,18.0,4.0,719.0,31.0,0.0,,,,,,,,,,,,47.0,,,,,
squash,1.0,4.0,2.0,5.0,2.0,2.0,6.0,2.0,4.0,1.0,3.0,1.0,2.0,2.0,4.0,1.0,0.0,0.0,3.0,2.0,5.0,2.0,1.0,2.0,,,
squid,29.0,21.0,1.0,0.0,6.0,7.0,28.0,20.0,0.0,9.0,,,,,,,,,,,,,,,,,
strawberry,7.0,0.0,41.0,36.0,5.0,0.0,3.0,0.0,0.0,0.0,,,,,,,,,,,,,,,,,
sugar snap pea,5.0,0.0,3.0,8.0,3.0,4.0,0.0,,,0.0,,,4.0,,,,,0.0,,,,,,,,,
sweet potato,11.0,2.0,6.0,7.0,2.0,3.0,8.0,588.0,5.0,5.0,,,,,,,,,,,,,,,,,
yam,3.0,0.0,10.0,14.0,2.0,3.0,0.0,15.0,19.0,0.0,,,,,,,,,,,,,,,,,
swordfish,44.0,15.0,3.0,1.0,1.0,5.0,15.0,6.0,0.0,26.0,8.0,23.0,10.0,7.0,7.0,113.0,0.0,73.0,14.0,8.0,55.0,7.0,13.0,3.0,,,
tilapia,38.0,5.0,1.0,0.0,1.0,4.0,19.0,0.0,1.0,15.0,,,,,,,,,,,,,,,,,
tofu,,,,,,,,,,,,,,,,,,,,,,,,,,,
tomatillo,2.0,1.0,2.0,7.0,1.0,3.0,0.0,1.0,13.0,0.0,5.0,3.0,6.0,2.0,9.0,1.0,0.0,0.0,4.0,3.0,12.0,2.0,1.0,8.0,7.0,3.0,
tomato,,,,,,,,,,,,,,,,,,,,,,,,,,,
tortillas,7.0,2.0,14.0,13.0,11.0,7.0,0.0,0.0,0.0,0.0,,,,,,,,,,,,,,,,,
tree nut,1.0,0.0,4.0,13.0,1.0,1.0,10.0,22.0,33.0,0.0,1.0,0.0,0.0,3.0,22.0,2.0,,0.0,0.0,23.0,22.0,4.0,,,23.0,1.0,
turnip,5.0,0.0,1.0,9.0,9.0,9.0,1.0,679.0,29.0,0.0,4.0,2.0,2.0,1.0,6.0,2.0,,0.0,4.0,7.0,2.0,10.0,,,10.0,2.0,
vanilla,7.0,21.0,8.0,0.0,9.0,2.0,3.0,20.0,0.0,31.0,3.0,8.0,3.0,4.0,1.0,6.0,0.0,2.0,3.0,13.0,1.0,2.0,5.0,1.0,,,
veal,36.0,11.0,2.0,2.0,1.0,6.0,6.0,5.0,2.0,18.0,6.0,11.0,4.0,11.0,14.0,33.0,0.0,2.0,8.0,21.0,33.0,6.0,16.0,14.0,,,
vegetable,5.0,0.0,2.0,5.0,2.0,5.0,1.0,674.0,6.0,0.0,5.0,2.0,4.0,2.0,8.0,1.0,0.0,0.0,5.0,5.0,5.0,10.0,2.0,20.0,,5.0,
venison,40.0,32.0,0.0,0.0,1.0,14.0,36.0,1.0,0.0,30.0,5.0,15.0,6.0,34.0,11.0,19.0,0.0,2.0,34.0,22.0,45.0,1.0,14.0,1.0,,,
vinegar,0.0,0.0,0.0,0.0,1.0,1.0,0.0,0.0,0.0,0.0,1.0,1.0,2.0,0.0,1.0,0.0,0.0,0.0,0.0,0.0,0.0,0.0,0.0,0.0,,,
wasabi,4.0,14.0,17.0,22.0,3.0,3.0,147.0,0.0,0.0,0.0,5.0,2.0,4.0,6.0,6.0,4.0,0.0,0.0,4.0,5.0,1.0,2.0,0.0,0.0,6.0,0.0,
watercress,5.0,4.0,0.0,2.0,10.0,1.0,8.0,19.0,35.0,1.0,5.0,5.0,7.0,1.0,9.0,2.0,0.0,0.0,7.0,9.0,1.0,2.0,2.0,219.0,,,
watermelon,2.0,0.0,3.0,1.0,,,0.0,,,0.0,,,,,,,,,,,,,,,,,
wheat,21.0,6.0,17.0,14.0,10.0,20.0,20.0,0.0,0.0,0.0,10.0,10.0,3.0,9.0,16.0,52.0,0.0,0.0,34.0,19.0,35.0,25.0,3.0,4.0,,,
gluten-free,9.0,7.0,17.0,15.0,11.0,15.0,19.0,0.0,0.0,0.0,3.0,4.0,2.0,4.0,8.0,1.0,0.0,0.0,31.0,39.0,17.0,9.0,2.0,0.0,,,
wild rice,27.0,1.0,28.0,16.0,0.0,9.0,0.0,0.0,0.0,0.0,,27.0,6.0,30.0,,,,,,17.0,42.0,,,,,,
yogurt,7.0,5.0,2.0,0.0,10.0,0.0,2.0,236.0,,5.0,3.0,,3.0,6.0,,,,0.0,,12.0,,,,,,,
yuca,2.0,0.0,11.0,12.0,1.0,7.0,0.0,,,0.0,,,8.0,,,,,0.0,,,,,,,,,
zucchini,2.0,0.0,2.0,4.0,2.0,2.0,0.0,,14.0,0.0,,,5.0,,,,,0.0,,,,,,,,,
